<?xml version="1.0" encoding="UTF-8"?>
<configuration debug="false">
    <!--定义日志文件的存储地址 勿在 LogBack 的配置中使用相对路径-->
    <!--打包时<property name="LOG_HOME" value="../logs" />-->
    <property name="LOG_HOME" value="./logs"/>
    <property name="LOG_FILE" value="nuls"/>
    <property name="MSG_FILE" value="msg"/>
    <!-- 控制台输出 -->
    <appender name="STDOUT" class="ch.qos.logback.core.ConsoleAppender">
        <encoder class="ch.qos.logback.classic.encoder.PatternLayoutEncoder">
            <!--格式化输出：%d表示日期，%thread表示线程名，%-5level：级别从左显示5个字符宽度%msg：日志消息，%n是换行符-->
            <pattern>%d{yyyy-MM-dd HH:mm:ss.SSS} [%thread] %-5level %logger{50} - %msg%n</pattern>
        </encoder>
    </appender>

    <!-- 按照每天生成日志文件 -->
    <appender name="FILE" class="ch.qos.logback.core.rolling.RollingFileAppender">
        <rollingPolicy class="ch.qos.logback.core.rolling.TimeBasedRollingPolicy">
            <!--日志文件输出的文件名-->
            <FileNamePattern>${LOG_HOME}/${LOG_FILE}.%d{yyyy-MM-dd}.log</FileNamePattern>
            <!--日志文件保留天数-->
            <MaxFileSize>100MB</MaxFileSize>
            <MaxHistory>7</MaxHistory>
        </rollingPolicy>
        <encoder class="ch.qos.logback.classic.encoder.PatternLayoutEncoder">
            <!--格式化输出：%d表示日期，%thread表示线程名，%-5level：级别从左显示5个字符宽度%msg：日志消息，%n是换行符-->
            <pattern>%d{yyyy-MM-dd HH:mm:ss.SSS} [%thread] %-5level %logger{50} - %msg%n</pattern>
        </encoder>
    </appender>

    <!-- 按照每天生成日志文件 -->
    <appender name="MSG_FILE" class="ch.qos.logback.core.rolling.RollingFileAppender">
        <rollingPolicy class="ch.qos.logback.core.rolling.TimeBasedRollingPolicy">
            <!--日志文件输出的文件名-->
            <FileNamePattern>${LOG_HOME}/${MSG_FILE}.%d{yyyy-MM-dd}.log</FileNamePattern>
            <!--日志文件保留天数-->
            <MaxFileSize>100MB</MaxFileSize>
            <MaxHistory>7</MaxHistory>
        </rollingPolicy>
        <encoder class="ch.qos.logback.classic.encoder.PatternLayoutEncoder">
            <!--格式化输出：%d表示日期，%thread表示线程名，%-5level：级别从左显示5个字符宽度%msg：日志消息，%n是换行符-->
            <pattern>%d{HH:mm:ss.SSS}- %msg%n</pattern>
        </encoder>
    </appender>

    <!-- 日志输出级别 -->
    <root level="info">
        <appender-ref ref="STDOUT"/>
        <appender-ref ref="FILE"/>
    </root>
    <logger name="org.apache.ibatis" level="info" additivity="false"/>
    <logger name="org.ehcache" level="info" additivity="false"/>
    <logger name="io.nuls.db.dao.impl.mybatis.mapper" level="info" additivity="false"/>
    <logger name="msgLog" level="INFO" additivity="false">
        <appender-ref ref="MSG_FILE" />
    </logger>

    <!--    日志异步到数据库
        <appender name="DB" class="ch.qos.logback.classic.db.DBAppender">
        &lt;!&ndash;日志异步到数据库 &ndash;&gt;
        <connectionSource class="ch.qos.logback.core.db.DriverManagerConnectionSource">
        &lt;!&ndash;连接池 &ndash;&gt;
        <dataSource class="com.mchange.v2.c3p0.ComboPooledDataSource">
        <driverClass>com.mysql.jdbc.Driver</driverClass>
        <url>jdbc:mysql://127.0.0.1:3306/databaseName</url>
        <user>root</user>
        <password>root</password>
        </dataSource>
        </connectionSource>
        </appender>-->
</configuration>